Order_Line_ID,Order_ID,SKU_ID,Qty_Ordered,Qty_Shipped
OL-000001,ORD-00306,SKU-018,11,11
OL-000002,ORD-00306,SKU-028,48,48
OL-000003,ORD-00306,SKU-007,11,11
OL-000004,ORD-00306,SKU-014,44,44
OL-000005,ORD-00029,SKU-015,41,41
OL-000006,ORD-00228,SKU-026,45,45
OL-000007,ORD-00228,SKU-012,54,54
OL-000008,ORD-00228,SKU-007,49,49
OL-000009,ORD-00228,SKU-023,46,46
OL-000010,ORD-00158,SKU-016,57,57
OL-000011,ORD-00158,SKU-011,13,13
OL-000012,ORD-00158,SKU-008,9,9
OL-000013,ORD-00158,SKU-023,56,56
OL-000014,ORD-00294,SKU-012,14,14
OL-000015,ORD-00294,SKU-022,35,35
OL-000016,ORD-00294,SKU-013,57,50
OL-000017,ORD-00225,SKU-005,44,44
OL-000018,ORD-00225,SKU-010,51,51
OL-000019,ORD-00225,SKU-014,57,57
OL-000020,ORD-00225,SKU-018,28,28
OL-000021,ORD-00225,SKU-022,11,11
OL-000022,ORD-00095,SKU-025,11,11
OL-000023,ORD-00095,SKU-027,11,11
OL-000024,ORD-00197,SKU-021,10,10
OL-000025,ORD-00197,SKU-017,29,29
OL-000026,ORD-00197,SKU-001,44,44
OL-000027,ORD-00063,SKU-010,55,55
OL-000028,ORD-00063,SKU-008,45,45
OL-000029,ORD-00063,SKU-014,47,47
OL-000030,ORD-00063,SKU-012,34,34
OL-000031,ORD-00063,SKU-028,11,11
OL-000032,ORD-00310,SKU-029,42,42
OL-000033,ORD-00310,SKU-002,20,20
OL-000034,ORD-00072,SKU-004,12,12
OL-000035,ORD-00072,SKU-002,40,40
OL-000036,ORD-00072,SKU-023,39,39
OL-000037,ORD-00072,SKU-020,9,8
OL-000038,ORD-00042,SKU-001,51,51
OL-000039,ORD-00042,SKU-008,47,47
OL-000040,ORD-00042,SKU-028,49,49
OL-000041,ORD-00042,SKU-025,15,15
OL-000042,ORD-00253,SKU-028,20,20
OL-000043,ORD-00175,SKU-001,38,38
OL-000044,ORD-00175,SKU-002,58,58
OL-000045,ORD-00175,SKU-030,49,49
OL-000046,ORD-00175,SKU-025,57,57
OL-000047,ORD-00277,SKU-026,8,8
OL-000048,ORD-00277,SKU-009,41,41
OL-000049,ORD-00075,SKU-027,7,6
OL-000050,ORD-00075,SKU-026,30,30
OL-000051,ORD-00075,SKU-004,16,16
OL-000052,ORD-00075,SKU-030,11,11
OL-000053,ORD-00075,SKU-023,11,11
OL-000054,ORD-00204,SKU-017,29,29
OL-000055,ORD-00204,SKU-016,13,13
OL-000056,ORD-00204,SKU-014,49,49
OL-000057,ORD-00204,SKU-022,45,45
OL-000058,ORD-00312,SKU-006,5,5
OL-000059,ORD-00052,SKU-003,58,18
OL-000060,ORD-00052,SKU-022,46,46
OL-000061,ORD-00142,SKU-002,53,53
OL-000062,ORD-00142,SKU-003,30,30
OL-000063,ORD-00142,SKU-019,44,44
OL-000064,ORD-00142,SKU-014,27,27
OL-000065,ORD-00205,SKU-012,10,10
OL-000066,ORD-00121,SKU-005,18,18
OL-000067,ORD-00121,SKU-029,40,40
OL-000068,ORD-00121,SKU-018,52,25
OL-000069,ORD-00121,SKU-011,36,36
OL-000070,ORD-00171,SKU-029,28,28
OL-000071,ORD-00171,SKU-005,36,36
OL-000072,ORD-00171,SKU-008,34,17
OL-000073,ORD-00097,SKU-019,32,32
OL-000074,ORD-00097,SKU-013,42,42
OL-000075,ORD-00097,SKU-029,27,27
OL-000076,ORD-00097,SKU-007,55,55
OL-000077,ORD-00058,SKU-030,20,20
OL-000078,ORD-00058,SKU-029,10,10
OL-000079,ORD-00058,SKU-004,21,21
OL-000080,ORD-00284,SKU-022,13,13
OL-000081,ORD-00284,SKU-012,27,19
OL-000082,ORD-00284,SKU-013,51,51
OL-000083,ORD-00284,SKU-018,16,9
OL-000084,ORD-00143,SKU-009,13,13
OL-000085,ORD-00143,SKU-016,17,17
OL-000086,ORD-00143,SKU-027,10,10
OL-000087,ORD-00143,SKU-002,36,36
OL-000088,ORD-00143,SKU-017,24,24
OL-000089,ORD-00168,SKU-017,40,40
OL-000090,ORD-00168,SKU-030,38,38
OL-000091,ORD-00168,SKU-021,22,22
OL-000092,ORD-00012,SKU-023,15,12
OL-000093,ORD-00012,SKU-011,28,28
OL-000094,ORD-00301,SKU-018,49,49
OL-000095,ORD-00301,SKU-016,45,45
OL-000096,ORD-00301,SKU-011,35,35
OL-000097,ORD-00183,SKU-015,22,22
OL-000098,ORD-00183,SKU-004,33,33
OL-000099,ORD-00183,SKU-023,51,21
OL-000100,ORD-00183,SKU-025,26,14
OL-000101,ORD-00183,SKU-024,32,32
OL-000102,ORD-00235,SKU-004,8,8
OL-000103,ORD-00096,SKU-027,51,51
OL-000104,ORD-00247,SKU-003,8,8
OL-000105,ORD-00247,SKU-017,45,45
OL-000106,ORD-00247,SKU-011,54,54
OL-000107,ORD-00247,SKU-002,5,5
OL-000108,ORD-00247,SKU-008,29,29
OL-000109,ORD-00290,SKU-011,11,11
OL-000110,ORD-00290,SKU-012,32,11
OL-000111,ORD-00290,SKU-024,25,25
OL-000112,ORD-00290,SKU-022,32,32
OL-000113,ORD-00290,SKU-019,57,57
OL-000114,ORD-00045,SKU-030,29,29
OL-000115,ORD-00123,SKU-021,26,26
OL-000116,ORD-00123,SKU-009,55,55
OL-000117,ORD-00123,SKU-023,40,40
OL-000118,ORD-00123,SKU-012,23,23
OL-000119,ORD-00238,SKU-021,16,16
OL-000120,ORD-00311,SKU-022,55,55
OL-000121,ORD-00311,SKU-005,59,42
OL-000122,ORD-00311,SKU-014,57,57
OL-000123,ORD-00311,SKU-015,35,14
OL-000124,ORD-00082,SKU-025,40,40
OL-000125,ORD-00082,SKU-030,12,12
OL-000126,ORD-00146,SKU-025,50,50
OL-000127,ORD-00146,SKU-012,46,46
OL-000128,ORD-00146,SKU-013,7,7
OL-000129,ORD-00025,SKU-029,14,11
OL-000130,ORD-00025,SKU-028,18,18
OL-000131,ORD-00025,SKU-014,54,54
OL-000132,ORD-00043,SKU-009,44,36
OL-000133,ORD-00043,SKU-006,32,26
OL-000134,ORD-00043,SKU-007,5,5
OL-000135,ORD-00043,SKU-018,9,9
OL-000136,ORD-00043,SKU-002,19,19
OL-000137,ORD-00254,SKU-025,40,40
OL-000138,ORD-00254,SKU-026,35,35
OL-000139,ORD-00166,SKU-023,25,25
OL-000140,ORD-00166,SKU-019,45,45
OL-000141,ORD-00166,SKU-011,34,19
OL-000142,ORD-00166,SKU-024,53,53
OL-000143,ORD-00231,SKU-026,31,31
OL-000144,ORD-00231,SKU-028,34,34
OL-000145,ORD-00181,SKU-016,37,37
OL-000146,ORD-00181,SKU-019,11,11
OL-000147,ORD-00181,SKU-011,51,51
OL-000148,ORD-00181,SKU-024,26,26
OL-000149,ORD-00107,SKU-017,34,34
OL-000150,ORD-00107,SKU-015,33,33
OL-000151,ORD-00198,SKU-001,26,26
OL-000152,ORD-00282,SKU-012,19,19
OL-000153,ORD-00282,SKU-018,6,6
OL-000154,ORD-00282,SKU-006,38,38
OL-000155,ORD-00282,SKU-017,56,56
OL-000156,ORD-00282,SKU-024,42,42
OL-000157,ORD-00315,SKU-012,5,5
OL-000158,ORD-00315,SKU-005,27,12
OL-000159,ORD-00315,SKU-009,20,20
OL-000160,ORD-00212,SKU-022,33,33
OL-000161,ORD-00008,SKU-020,46,46
OL-000162,ORD-00008,SKU-024,40,40
OL-000163,ORD-00008,SKU-028,54,54
OL-000164,ORD-00008,SKU-019,33,33
OL-000165,ORD-00112,SKU-024,11,11
OL-000166,ORD-00112,SKU-008,32,16
OL-000167,ORD-00112,SKU-019,45,45
OL-000168,ORD-00112,SKU-027,49,49
OL-000169,ORD-00275,SKU-029,58,58
OL-000170,ORD-00275,SKU-019,10,10
OL-000171,ORD-00275,SKU-017,59,59
OL-000172,ORD-00103,SKU-009,50,50
OL-000173,ORD-00093,SKU-021,7,7
OL-000174,ORD-00093,SKU-019,32,32
OL-000175,ORD-00093,SKU-011,47,47
OL-000176,ORD-00093,SKU-027,57,57
OL-000177,ORD-00187,SKU-026,58,58
OL-000178,ORD-00187,SKU-025,18,18
OL-000179,ORD-00187,SKU-029,27,27
OL-000180,ORD-00184,SKU-024,40,40
OL-000181,ORD-00155,SKU-007,35,35
OL-000182,ORD-00317,SKU-023,18,6
OL-000183,ORD-00317,SKU-028,7,7
OL-000184,ORD-00317,SKU-008,8,8
OL-000185,ORD-00176,SKU-002,11,11
OL-000186,ORD-00176,SKU-028,56,56
OL-000187,ORD-00274,SKU-024,45,45
OL-000188,ORD-00274,SKU-020,26,22
OL-000189,ORD-00274,SKU-029,49,49
OL-000190,ORD-00274,SKU-021,26,26
OL-000191,ORD-00178,SKU-028,17,13
OL-000192,ORD-00027,SKU-019,17,17
OL-000193,ORD-00149,SKU-008,27,16
OL-000194,ORD-00149,SKU-001,43,43
OL-000195,ORD-00149,SKU-012,54,54
OL-000196,ORD-00149,SKU-027,38,38
OL-000197,ORD-00149,SKU-015,41,41
OL-000198,ORD-00264,SKU-007,33,12
OL-000199,ORD-00264,SKU-013,24,24
OL-000200,ORD-00067,SKU-022,11,9
OL-000201,ORD-00067,SKU-024,20,20
OL-000202,ORD-00067,SKU-026,35,35
OL-000203,ORD-00067,SKU-009,53,53
OL-000204,ORD-00003,SKU-005,34,34
OL-000205,ORD-00003,SKU-020,59,22
OL-000206,ORD-00003,SKU-019,40,40
OL-000207,ORD-00003,SKU-011,21,15
OL-000208,ORD-00003,SKU-003,47,47
OL-000209,ORD-00288,SKU-030,59,59
OL-000210,ORD-00288,SKU-015,52,52
OL-000211,ORD-00288,SKU-004,43,43
OL-000212,ORD-00251,SKU-002,23,23
OL-000213,ORD-00251,SKU-012,12,12
OL-000214,ORD-00251,SKU-017,10,7
OL-000215,ORD-00251,SKU-015,25,25
OL-000216,ORD-00073,SKU-003,24,24
OL-000217,ORD-00114,SKU-001,29,29
OL-000218,ORD-00114,SKU-017,57,57
OL-000219,ORD-00252,SKU-024,46,46
OL-000220,ORD-00252,SKU-010,32,32
OL-000221,ORD-00252,SKU-014,34,34
OL-000222,ORD-00252,SKU-013,58,58
OL-000223,ORD-00309,SKU-027,17,17
OL-000224,ORD-00309,SKU-011,35,35
OL-000225,ORD-00240,SKU-028,34,34
OL-000226,ORD-00240,SKU-026,59,51
OL-000227,ORD-00022,SKU-018,18,18
OL-000228,ORD-00022,SKU-017,21,21
OL-000229,ORD-00022,SKU-020,22,22
OL-000230,ORD-00022,SKU-006,14,14
OL-000231,ORD-00044,SKU-011,53,53
OL-000232,ORD-00271,SKU-009,8,8
OL-000233,ORD-00305,SKU-008,29,29
OL-000234,ORD-00305,SKU-023,52,52
OL-000235,ORD-00305,SKU-018,31,31
OL-000236,ORD-00136,SKU-019,30,30
OL-000237,ORD-00136,SKU-016,15,12
OL-000238,ORD-00136,SKU-026,14,14
OL-000239,ORD-00136,SKU-025,35,35
OL-000240,ORD-00136,SKU-008,22,14
OL-000241,ORD-00131,SKU-013,40,40
OL-000242,ORD-00134,SKU-028,56,56
OL-000243,ORD-00134,SKU-024,28,18
OL-000244,ORD-00217,SKU-002,56,56
OL-000245,ORD-00206,SKU-002,30,30
OL-000246,ORD-00206,SKU-030,19,19
OL-000247,ORD-00206,SKU-020,33,33
OL-000248,ORD-00206,SKU-009,48,48
OL-000249,ORD-00206,SKU-003,22,22
OL-000250,ORD-00141,SKU-002,51,51
OL-000251,ORD-00036,SKU-020,26,26
OL-000252,ORD-00068,SKU-026,31,31
OL-000253,ORD-00068,SKU-014,26,26
OL-000254,ORD-00068,SKU-021,17,17
OL-000255,ORD-00068,SKU-002,27,27
OL-000256,ORD-00239,SKU-001,20,16
OL-000257,ORD-00077,SKU-013,52,52
OL-000258,ORD-00224,SKU-001,11,8
OL-000259,ORD-00021,SKU-015,28,28
OL-000260,ORD-00021,SKU-001,35,35
OL-000261,ORD-00021,SKU-008,47,47
OL-000262,ORD-00267,SKU-016,37,37
OL-000263,ORD-00267,SKU-008,18,18
OL-000264,ORD-00267,SKU-024,55,55
OL-000265,ORD-00079,SKU-011,23,23
OL-000266,ORD-00079,SKU-020,18,18
OL-000267,ORD-00079,SKU-025,56,56
OL-000268,ORD-00188,SKU-002,15,15
OL-000269,ORD-00188,SKU-015,13,13
OL-000270,ORD-00188,SKU-014,38,38
OL-000271,ORD-00196,SKU-010,12,12
OL-000272,ORD-00278,SKU-028,9,9
OL-000273,ORD-00115,SKU-028,15,15
OL-000274,ORD-00232,SKU-019,17,17
OL-000275,ORD-00232,SKU-005,37,37
OL-000276,ORD-00232,SKU-021,42,30
OL-000277,ORD-00232,SKU-001,51,51
OL-000278,ORD-00232,SKU-004,32,32
OL-000279,ORD-00061,SKU-009,51,51
OL-000280,ORD-00258,SKU-018,59,59
OL-000281,ORD-00258,SKU-014,52,26
OL-000282,ORD-00258,SKU-005,21,21
OL-000283,ORD-00151,SKU-008,29,29
OL-000284,ORD-00151,SKU-028,58,58
OL-000285,ORD-00164,SKU-028,22,22
OL-000286,ORD-00164,SKU-025,35,35
OL-000287,ORD-00164,SKU-011,48,48
OL-000288,ORD-00164,SKU-003,11,11
OL-000289,ORD-00293,SKU-013,9,9
OL-000290,ORD-00293,SKU-007,52,52
OL-000291,ORD-00293,SKU-009,6,6
OL-000292,ORD-00293,SKU-015,45,45
OL-000293,ORD-00013,SKU-012,14,14
OL-000294,ORD-00013,SKU-001,41,41
OL-000295,ORD-00234,SKU-020,53,53
OL-000296,ORD-00234,SKU-009,13,13
OL-000297,ORD-00234,SKU-023,37,37
OL-000298,ORD-00234,SKU-030,17,17
OL-000299,ORD-00092,SKU-024,12,12
OL-000300,ORD-00263,SKU-024,19,19
OL-000301,ORD-00263,SKU-002,5,3
OL-000302,ORD-00263,SKU-019,55,55
OL-000303,ORD-00263,SKU-006,5,2
OL-000304,ORD-00246,SKU-018,36,36
OL-000305,ORD-00246,SKU-028,54,44
OL-000306,ORD-00246,SKU-017,10,10
OL-000307,ORD-00002,SKU-006,37,37
OL-000308,ORD-00002,SKU-019,12,12
OL-000309,ORD-00002,SKU-011,21,21
OL-000310,ORD-00002,SKU-005,23,23
OL-000311,ORD-00002,SKU-015,41,41
OL-000312,ORD-00179,SKU-002,51,51
OL-000313,ORD-00179,SKU-006,18,18
OL-000314,ORD-00179,SKU-001,39,39
OL-000315,ORD-00179,SKU-018,38,38
OL-000316,ORD-00179,SKU-022,15,15
OL-000317,ORD-00219,SKU-015,44,44
OL-000318,ORD-00219,SKU-012,46,18
OL-000319,ORD-00219,SKU-023,36,36
OL-000320,ORD-00296,SKU-022,13,13
OL-000321,ORD-00296,SKU-030,28,28
OL-000322,ORD-00094,SKU-002,56,56
OL-000323,ORD-00094,SKU-014,10,7
OL-000324,ORD-00094,SKU-024,47,47
OL-000325,ORD-00094,SKU-001,53,53
OL-000326,ORD-00094,SKU-026,41,26
OL-000327,ORD-00122,SKU-021,13,10
OL-000328,ORD-00122,SKU-005,24,24
OL-000329,ORD-00124,SKU-005,16,16
OL-000330,ORD-00124,SKU-007,23,23
OL-000331,ORD-00124,SKU-020,30,30
OL-000332,ORD-00124,SKU-006,53,53
OL-000333,ORD-00124,SKU-028,45,45
OL-000334,ORD-00193,SKU-013,40,40
OL-000335,ORD-00193,SKU-019,45,45
OL-000336,ORD-00193,SKU-024,34,24
OL-000337,ORD-00193,SKU-011,48,48
OL-000338,ORD-00064,SKU-015,32,32
OL-000339,ORD-00064,SKU-012,10,10
OL-000340,ORD-00064,SKU-003,5,5
OL-000341,ORD-00064,SKU-028,16,16
OL-000342,ORD-00064,SKU-023,28,28
OL-000343,ORD-00119,SKU-013,44,44
OL-000344,ORD-00119,SKU-007,56,56
OL-000345,ORD-00119,SKU-001,53,53
OL-000346,ORD-00119,SKU-030,39,39
OL-000347,ORD-00126,SKU-010,38,38
OL-000348,ORD-00126,SKU-019,36,36
OL-000349,ORD-00226,SKU-011,56,56
OL-000350,ORD-00226,SKU-001,32,19
OL-000351,ORD-00226,SKU-012,30,30
OL-000352,ORD-00257,SKU-006,23,23
OL-000353,ORD-00318,SKU-011,12,12
OL-000354,ORD-00318,SKU-012,23,23
OL-000355,ORD-00299,SKU-010,42,42
OL-000356,ORD-00304,SKU-011,6,4
OL-000357,ORD-00113,SKU-007,20,20
OL-000358,ORD-00113,SKU-019,31,31
OL-000359,ORD-00113,SKU-015,16,16
OL-000360,ORD-00113,SKU-006,58,58
OL-000361,ORD-00113,SKU-003,15,15
OL-000362,ORD-00019,SKU-030,12,12
OL-000363,ORD-00019,SKU-015,7,7
OL-000364,ORD-00019,SKU-002,5,5
OL-000365,ORD-00069,SKU-003,32,32
OL-000366,ORD-00069,SKU-008,53,53
OL-000367,ORD-00069,SKU-028,11,11
OL-000368,ORD-00298,SKU-005,22,22
OL-000369,ORD-00298,SKU-008,47,47
OL-000370,ORD-00089,SKU-026,10,9
OL-000371,ORD-00089,SKU-024,59,59
OL-000372,ORD-00088,SKU-028,56,56
OL-000373,ORD-00088,SKU-018,21,21
OL-000374,ORD-00088,SKU-010,17,17
OL-000375,ORD-00088,SKU-027,35,35
OL-000376,ORD-00173,SKU-003,27,27
OL-000377,ORD-00173,SKU-024,34,34
OL-000378,ORD-00173,SKU-026,33,33
OL-000379,ORD-00090,SKU-003,18,18
OL-000380,ORD-00200,SKU-005,33,33
OL-000381,ORD-00200,SKU-026,45,45
OL-000382,ORD-00200,SKU-004,45,45
OL-000383,ORD-00163,SKU-025,27,27
OL-000384,ORD-00163,SKU-012,11,11
OL-000385,ORD-00080,SKU-022,11,11
OL-000386,ORD-00080,SKU-001,17,17
OL-000387,ORD-00080,SKU-007,54,54
OL-000388,ORD-00080,SKU-002,44,44
OL-000389,ORD-00007,SKU-012,19,7
OL-000390,ORD-00016,SKU-026,38,38
OL-000391,ORD-00279,SKU-020,27,27
OL-000392,ORD-00065,SKU-014,15,15
OL-000393,ORD-00210,SKU-022,51,51
OL-000394,ORD-00210,SKU-026,36,36
OL-000395,ORD-00046,SKU-016,13,13
OL-000396,ORD-00046,SKU-015,7,7
OL-000397,ORD-00046,SKU-020,56,56
OL-000398,ORD-00046,SKU-022,9,9
OL-000399,ORD-00046,SKU-010,53,53
OL-000400,ORD-00223,SKU-024,23,15
OL-000401,ORD-00139,SKU-014,34,34
OL-000402,ORD-00139,SKU-008,50,50
OL-000403,ORD-00139,SKU-015,28,28
OL-000404,ORD-00111,SKU-011,15,15
OL-000405,ORD-00111,SKU-004,57,57
OL-000406,ORD-00144,SKU-015,50,50
OL-000407,ORD-00192,SKU-011,6,6
OL-000408,ORD-00192,SKU-029,25,25
OL-000409,ORD-00192,SKU-017,11,11
OL-000410,ORD-00192,SKU-004,13,13
OL-000411,ORD-00192,SKU-005,55,55
OL-000412,ORD-00039,SKU-010,55,55
OL-000413,ORD-00260,SKU-002,15,15
OL-000414,ORD-00260,SKU-013,51,18
OL-000415,ORD-00260,SKU-014,59,34
OL-000416,ORD-00260,SKU-029,12,12
OL-000417,ORD-00130,SKU-026,23,23
OL-000418,ORD-00130,SKU-021,35,35
OL-000419,ORD-00130,SKU-011,7,7
OL-000420,ORD-00130,SKU-014,56,56
OL-000421,ORD-00130,SKU-022,23,23
OL-000422,ORD-00147,SKU-024,41,41
OL-000423,ORD-00101,SKU-022,55,55
OL-000424,ORD-00101,SKU-019,34,34
OL-000425,ORD-00101,SKU-002,29,29
OL-000426,ORD-00101,SKU-024,20,20
OL-000427,ORD-00156,SKU-017,8,8
OL-000428,ORD-00156,SKU-030,26,26
OL-000429,ORD-00156,SKU-021,30,30
OL-000430,ORD-00156,SKU-001,48,48
OL-000431,ORD-00049,SKU-014,13,13
OL-000432,ORD-00034,SKU-012,27,27
OL-000433,ORD-00034,SKU-018,44,44
OL-000434,ORD-00034,SKU-014,44,44
OL-000435,ORD-00034,SKU-005,30,30
OL-000436,ORD-00292,SKU-020,9,9
OL-000437,ORD-00292,SKU-030,31,31
OL-000438,ORD-00202,SKU-010,59,59
OL-000439,ORD-00202,SKU-015,51,51
OL-000440,ORD-00202,SKU-017,37,37
OL-000441,ORD-00202,SKU-026,7,7
OL-000442,ORD-00215,SKU-012,46,46
OL-000443,ORD-00215,SKU-025,41,41
OL-000444,ORD-00215,SKU-023,14,14
OL-000445,ORD-00215,SKU-022,21,21
OL-000446,ORD-00215,SKU-008,24,24
OL-000447,ORD-00001,SKU-012,44,44
OL-000448,ORD-00001,SKU-019,37,37
OL-000449,ORD-00001,SKU-010,32,32
OL-000450,ORD-00001,SKU-022,44,44
OL-000451,ORD-00001,SKU-021,54,34
OL-000452,ORD-00201,SKU-013,27,10
OL-000453,ORD-00201,SKU-006,23,23
OL-000454,ORD-00207,SKU-014,22,22
OL-000455,ORD-00207,SKU-008,41,41
OL-000456,ORD-00207,SKU-013,12,6
OL-000457,ORD-00207,SKU-012,41,41
OL-000458,ORD-00177,SKU-027,13,13
OL-000459,ORD-00177,SKU-018,47,47
OL-000460,ORD-00177,SKU-001,56,56
OL-000461,ORD-00177,SKU-009,52,52
OL-000462,ORD-00209,SKU-026,47,28
OL-000463,ORD-00209,SKU-006,12,12
OL-000464,ORD-00209,SKU-020,20,20
OL-000465,ORD-00209,SKU-007,20,20
OL-000466,ORD-00160,SKU-020,45,45
OL-000467,ORD-00160,SKU-028,16,16
OL-000468,ORD-00128,SKU-027,21,21
OL-000469,ORD-00128,SKU-015,39,27
OL-000470,ORD-00128,SKU-023,8,8
OL-000471,ORD-00128,SKU-029,22,22
OL-000472,ORD-00128,SKU-020,44,44
OL-000473,ORD-00110,SKU-017,53,53
OL-000474,ORD-00110,SKU-020,57,57
OL-000475,ORD-00110,SKU-011,38,33
OL-000476,ORD-00110,SKU-013,24,13
OL-000477,ORD-00110,SKU-014,29,29
OL-000478,ORD-00108,SKU-029,51,51
OL-000479,ORD-00084,SKU-009,23,23
OL-000480,ORD-00084,SKU-022,49,49
OL-000481,ORD-00084,SKU-016,18,18
OL-000482,ORD-00084,SKU-027,27,27
OL-000483,ORD-00084,SKU-024,55,55
OL-000484,ORD-00105,SKU-030,17,17
OL-000485,ORD-00105,SKU-009,46,33
OL-000486,ORD-00105,SKU-028,10,10
OL-000487,ORD-00105,SKU-024,31,13
OL-000488,ORD-00105,SKU-025,39,39
OL-000489,ORD-00040,SKU-020,20,20
OL-000490,ORD-00040,SKU-019,21,21
OL-000491,ORD-00040,SKU-007,19,19
OL-000492,ORD-00269,SKU-011,41,41
OL-000493,ORD-00269,SKU-013,49,49
OL-000494,ORD-00269,SKU-017,20,14
OL-000495,ORD-00221,SKU-001,51,51
OL-000496,ORD-00221,SKU-015,17,17
OL-000497,ORD-00221,SKU-011,12,7
OL-000498,ORD-00221,SKU-002,43,43
OL-000499,ORD-00221,SKU-005,47,47
OL-000500,ORD-00291,SKU-028,57,57
OL-000501,ORD-00291,SKU-012,13,13
OL-000502,ORD-00291,SKU-004,6,6
OL-000503,ORD-00291,SKU-014,28,24
OL-000504,ORD-00276,SKU-028,39,24
OL-000505,ORD-00276,SKU-026,8,8
OL-000506,ORD-00276,SKU-018,56,56
OL-000507,ORD-00214,SKU-018,48,48
OL-000508,ORD-00230,SKU-008,17,17
OL-000509,ORD-00230,SKU-015,41,41
OL-000510,ORD-00220,SKU-025,13,10
OL-000511,ORD-00220,SKU-004,28,28
OL-000512,ORD-00220,SKU-021,32,32
OL-000513,ORD-00154,SKU-007,40,40
OL-000514,ORD-00154,SKU-015,5,5
OL-000515,ORD-00154,SKU-009,59,59
OL-000516,ORD-00256,SKU-030,6,4
OL-000517,ORD-00233,SKU-029,58,58
OL-000518,ORD-00233,SKU-003,22,22
OL-000519,ORD-00233,SKU-021,22,22
OL-000520,ORD-00255,SKU-006,16,16
OL-000521,ORD-00255,SKU-014,7,7
OL-000522,ORD-00057,SKU-023,22,22
OL-000523,ORD-00057,SKU-020,48,48
OL-000524,ORD-00038,SKU-024,17,17
OL-000525,ORD-00038,SKU-023,46,34
OL-000526,ORD-00038,SKU-029,44,37
OL-000527,ORD-00038,SKU-026,49,30
OL-000528,ORD-00083,SKU-015,17,8
OL-000529,ORD-00059,SKU-026,34,34
OL-000530,ORD-00059,SKU-016,20,20
OL-000531,ORD-00059,SKU-028,8,8
OL-000532,ORD-00059,SKU-004,33,33
OL-000533,ORD-00059,SKU-007,7,7
OL-000534,ORD-00004,SKU-003,51,51
OL-000535,ORD-00004,SKU-001,47,47
OL-000536,ORD-00051,SKU-002,23,11
OL-000537,ORD-00056,SKU-024,52,52
OL-000538,ORD-00056,SKU-010,19,19
OL-000539,ORD-00056,SKU-006,50,50
OL-000540,ORD-00056,SKU-021,35,35
OL-000541,ORD-00041,SKU-024,26,26
OL-000542,ORD-00041,SKU-002,35,35
OL-000543,ORD-00041,SKU-013,45,45
OL-000544,ORD-00213,SKU-023,34,34
OL-000545,ORD-00213,SKU-010,46,46
OL-000546,ORD-00213,SKU-008,44,44
OL-000547,ORD-00054,SKU-013,16,16
OL-000548,ORD-00054,SKU-011,40,40
OL-000549,ORD-00054,SKU-009,46,46
OL-000550,ORD-00153,SKU-003,8,4
OL-000551,ORD-00153,SKU-021,26,26
OL-000552,ORD-00153,SKU-010,43,26
OL-000553,ORD-00153,SKU-006,59,59
OL-000554,ORD-00153,SKU-004,51,51
OL-000555,ORD-00191,SKU-030,40,40
OL-000556,ORD-00167,SKU-014,55,55
OL-000557,ORD-00185,SKU-006,58,58
OL-000558,ORD-00185,SKU-027,57,57
OL-000559,ORD-00195,SKU-006,45,45
OL-000560,ORD-00195,SKU-018,5,5
OL-000561,ORD-00195,SKU-012,36,36
OL-000562,ORD-00195,SKU-015,46,46
OL-000563,ORD-00195,SKU-007,35,16
OL-000564,ORD-00319,SKU-025,30,30
OL-000565,ORD-00319,SKU-012,6,6
OL-000566,ORD-00062,SKU-019,39,39
OL-000567,ORD-00062,SKU-002,19,19
OL-000568,ORD-00062,SKU-027,20,20
OL-000569,ORD-00118,SKU-022,35,35
OL-000570,ORD-00118,SKU-008,13,13
OL-000571,ORD-00118,SKU-004,26,26
OL-000572,ORD-00194,SKU-008,40,40
OL-000573,ORD-00194,SKU-016,42,13
OL-000574,ORD-00194,SKU-005,51,51
OL-000575,ORD-00194,SKU-004,8,3
OL-000576,ORD-00248,SKU-030,37,37
OL-000577,ORD-00248,SKU-001,54,54
OL-000578,ORD-00268,SKU-022,50,31
OL-000579,ORD-00268,SKU-005,31,15
OL-000580,ORD-00268,SKU-018,51,51
OL-000581,ORD-00268,SKU-026,56,30
OL-000582,ORD-00165,SKU-002,30,30
OL-000583,ORD-00165,SKU-007,15,15
OL-000584,ORD-00165,SKU-010,21,21
OL-000585,ORD-00117,SKU-003,28,28
OL-000586,ORD-00117,SKU-026,33,33
OL-000587,ORD-00117,SKU-001,14,14
OL-000588,ORD-00117,SKU-006,9,9
OL-000589,ORD-00170,SKU-020,52,52
OL-000590,ORD-00010,SKU-010,23,23
OL-000591,ORD-00266,SKU-008,24,24
OL-000592,ORD-00266,SKU-002,23,23
OL-000593,ORD-00055,SKU-019,16,16
OL-000594,ORD-00055,SKU-027,49,49
OL-000595,ORD-00024,SKU-026,39,39
OL-000596,ORD-00024,SKU-020,27,27
OL-000597,ORD-00024,SKU-003,11,11
OL-000598,ORD-00024,SKU-023,15,11
OL-000599,ORD-00024,SKU-001,51,51
OL-000600,ORD-00169,SKU-023,16,12
OL-000601,ORD-00169,SKU-016,27,27
OL-000602,ORD-00169,SKU-003,8,7
OL-000603,ORD-00169,SKU-021,22,22
OL-000604,ORD-00169,SKU-020,30,30
OL-000605,ORD-00048,SKU-016,32,32
OL-000606,ORD-00048,SKU-028,34,34
OL-000607,ORD-00048,SKU-026,32,19
OL-000608,ORD-00048,SKU-024,20,20
OL-000609,ORD-00048,SKU-003,58,58
OL-000610,ORD-00180,SKU-018,16,16
OL-000611,ORD-00180,SKU-024,15,15
OL-000612,ORD-00180,SKU-022,59,59
OL-000613,ORD-00180,SKU-010,10,10
OL-000614,ORD-00180,SKU-012,48,48
OL-000615,ORD-00241,SKU-001,39,39
OL-000616,ORD-00241,SKU-021,25,25
OL-000617,ORD-00241,SKU-011,55,55
OL-000618,ORD-00241,SKU-016,49,21
OL-000619,ORD-00241,SKU-017,56,56
OL-000620,ORD-00033,SKU-011,26,26
OL-000621,ORD-00033,SKU-009,30,30
OL-000622,ORD-00033,SKU-010,21,21
OL-000623,ORD-00033,SKU-022,41,41
OL-000624,ORD-00081,SKU-012,58,24
OL-000625,ORD-00081,SKU-017,24,8
OL-000626,ORD-00297,SKU-012,34,19
OL-000627,ORD-00236,SKU-010,14,14
OL-000628,ORD-00087,SKU-029,47,34
OL-000629,ORD-00087,SKU-021,35,35
OL-000630,ORD-00087,SKU-012,46,46
OL-000631,ORD-00162,SKU-008,37,37
OL-000632,ORD-00162,SKU-015,10,10
OL-000633,ORD-00162,SKU-016,41,41
OL-000634,ORD-00162,SKU-025,59,42
OL-000635,ORD-00047,SKU-020,57,57
OL-000636,ORD-00005,SKU-026,56,50
OL-000637,ORD-00005,SKU-027,42,30
OL-000638,ORD-00005,SKU-003,55,55
OL-000639,ORD-00005,SKU-011,35,11
OL-000640,ORD-00005,SKU-018,9,9
OL-000641,ORD-00208,SKU-011,45,45
OL-000642,ORD-00237,SKU-026,18,18
OL-000643,ORD-00182,SKU-030,48,48
OL-000644,ORD-00182,SKU-014,56,56
OL-000645,ORD-00182,SKU-006,23,23
OL-000646,ORD-00023,SKU-025,28,28
OL-000647,ORD-00023,SKU-017,47,47
OL-000648,ORD-00023,SKU-011,13,13
OL-000649,ORD-00023,SKU-027,32,32
OL-000650,ORD-00023,SKU-023,16,16
OL-000651,ORD-00116,SKU-007,52,40
OL-000652,ORD-00116,SKU-028,51,51
OL-000653,ORD-00116,SKU-003,15,15
OL-000654,ORD-00100,SKU-017,32,32
OL-000655,ORD-00100,SKU-025,31,31
OL-000656,ORD-00100,SKU-026,18,18
OL-000657,ORD-00100,SKU-012,36,36
OL-000658,ORD-00100,SKU-016,40,40
OL-000659,ORD-00109,SKU-026,11,11
OL-000660,ORD-00109,SKU-013,53,53
OL-000661,ORD-00109,SKU-029,48,48
OL-000662,ORD-00109,SKU-019,17,12
OL-000663,ORD-00109,SKU-017,51,51
OL-000664,ORD-00129,SKU-009,43,43
OL-000665,ORD-00035,SKU-027,6,6
OL-000666,ORD-00035,SKU-022,56,56
OL-000667,ORD-00148,SKU-015,13,13
OL-000668,ORD-00148,SKU-014,39,39
OL-000669,ORD-00148,SKU-030,41,16
OL-000670,ORD-00011,SKU-012,48,20
OL-000671,ORD-00320,SKU-004,16,10
OL-000672,ORD-00320,SKU-017,29,29
OL-000673,ORD-00320,SKU-002,12,12
OL-000674,ORD-00320,SKU-014,36,36
OL-000675,ORD-00161,SKU-015,23,23
OL-000676,ORD-00102,SKU-003,33,33
OL-000677,ORD-00150,SKU-007,40,40
OL-000678,ORD-00150,SKU-011,59,59
OL-000679,ORD-00150,SKU-024,52,52
OL-000680,ORD-00150,SKU-006,53,53
OL-000681,ORD-00150,SKU-013,39,39
OL-000682,ORD-00137,SKU-005,25,25
OL-000683,ORD-00137,SKU-013,6,6
OL-000684,ORD-00099,SKU-016,31,31
OL-000685,ORD-00099,SKU-012,57,57
OL-000686,ORD-00243,SKU-002,26,26
OL-000687,ORD-00243,SKU-021,7,7
OL-000688,ORD-00243,SKU-017,22,22
OL-000689,ORD-00243,SKU-006,56,56
OL-000690,ORD-00242,SKU-004,56,44
OL-000691,ORD-00242,SKU-026,13,13
OL-000692,ORD-00242,SKU-009,44,44
OL-000693,ORD-00242,SKU-023,34,34
OL-000694,ORD-00302,SKU-028,52,52
OL-000695,ORD-00140,SKU-020,8,7
OL-000696,ORD-00140,SKU-024,14,14
OL-000697,ORD-00140,SKU-012,58,58
OL-000698,ORD-00316,SKU-024,33,33
OL-000699,ORD-00316,SKU-010,20,20
OL-000700,ORD-00303,SKU-029,15,15
OL-000701,ORD-00285,SKU-021,52,52
OL-000702,ORD-00159,SKU-022,34,34
OL-000703,ORD-00172,SKU-025,48,48
OL-000704,ORD-00172,SKU-027,21,21
OL-000705,ORD-00172,SKU-004,35,35
OL-000706,ORD-00172,SKU-018,26,26
OL-000707,ORD-00172,SKU-011,34,34
OL-000708,ORD-00132,SKU-028,52,52
OL-000709,ORD-00132,SKU-024,26,26
OL-000710,ORD-00132,SKU-022,20,20
OL-000711,ORD-00132,SKU-006,24,24
OL-000712,ORD-00132,SKU-013,15,12
OL-000713,ORD-00053,SKU-004,9,9
OL-000714,ORD-00053,SKU-003,36,36
OL-000715,ORD-00245,SKU-006,6,4
OL-000716,ORD-00245,SKU-020,22,14
OL-000717,ORD-00245,SKU-013,13,13
OL-000718,ORD-00245,SKU-028,52,52
OL-000719,ORD-00295,SKU-009,17,12
OL-000720,ORD-00295,SKU-030,26,26
OL-000721,ORD-00098,SKU-028,17,17
OL-000722,ORD-00098,SKU-019,35,35
OL-000723,ORD-00098,SKU-027,7,7
OL-000724,ORD-00014,SKU-028,13,13
OL-000725,ORD-00014,SKU-005,15,15
OL-000726,ORD-00037,SKU-018,25,25
OL-000727,ORD-00032,SKU-007,38,38
OL-000728,ORD-00032,SKU-024,40,24
OL-000729,ORD-00032,SKU-029,52,52
OL-000730,ORD-00032,SKU-019,39,39
OL-000731,ORD-00032,SKU-015,57,57
OL-000732,ORD-00203,SKU-011,11,3
OL-000733,ORD-00135,SKU-015,17,17
OL-000734,ORD-00085,SKU-019,22,22
OL-000735,ORD-00085,SKU-013,47,47
OL-000736,ORD-00085,SKU-029,11,11
OL-000737,ORD-00031,SKU-006,40,22
OL-000738,ORD-00031,SKU-019,14,14
OL-000739,ORD-00031,SKU-012,42,42
OL-000740,ORD-00174,SKU-014,49,49
OL-000741,ORD-00186,SKU-023,14,14
OL-000742,ORD-00186,SKU-022,44,44
OL-000743,ORD-00138,SKU-004,32,32
OL-000744,ORD-00138,SKU-020,56,56
OL-000745,ORD-00138,SKU-006,29,22
OL-000746,ORD-00138,SKU-018,20,20
OL-000747,ORD-00138,SKU-024,59,59
OL-000748,ORD-00030,SKU-015,33,33
OL-000749,ORD-00060,SKU-030,37,37
OL-000750,ORD-00060,SKU-013,18,18
OL-000751,ORD-00060,SKU-026,17,17
OL-000752,ORD-00017,SKU-028,32,32
OL-000753,ORD-00017,SKU-002,54,18
OL-000754,ORD-00017,SKU-018,20,20
OL-000755,ORD-00017,SKU-030,31,31
OL-000756,ORD-00028,SKU-002,54,54
OL-000757,ORD-00028,SKU-023,28,22
OL-000758,ORD-00028,SKU-022,30,30
OL-000759,ORD-00028,SKU-024,40,40
OL-000760,ORD-00216,SKU-026,47,47
OL-000761,ORD-00261,SKU-009,57,25
OL-000762,ORD-00261,SKU-010,43,43
OL-000763,ORD-00261,SKU-013,25,25
OL-000764,ORD-00261,SKU-020,37,37
OL-000765,ORD-00152,SKU-012,45,45
OL-000766,ORD-00152,SKU-018,31,31
OL-000767,ORD-00152,SKU-024,30,30
OL-000768,ORD-00091,SKU-023,26,26
OL-000769,ORD-00091,SKU-007,15,15
OL-000770,ORD-00091,SKU-018,25,25
OL-000771,ORD-00074,SKU-027,11,4
OL-000772,ORD-00074,SKU-021,10,8
OL-000773,ORD-00074,SKU-004,57,57
OL-000774,ORD-00074,SKU-007,49,49
OL-000775,ORD-00227,SKU-009,15,15
OL-000776,ORD-00313,SKU-009,15,15
OL-000777,ORD-00313,SKU-010,53,39
OL-000778,ORD-00015,SKU-005,48,48
OL-000779,ORD-00015,SKU-026,31,31
OL-000780,ORD-00015,SKU-029,49,49
OL-000781,ORD-00015,SKU-021,13,12
OL-000782,ORD-00026,SKU-030,26,26
OL-000783,ORD-00026,SKU-008,12,12
OL-000784,ORD-00259,SKU-021,18,18
OL-000785,ORD-00259,SKU-005,48,48
OL-000786,ORD-00259,SKU-024,36,36
OL-000787,ORD-00259,SKU-015,46,46
OL-000788,ORD-00009,SKU-025,16,16
OL-000789,ORD-00018,SKU-024,24,24
OL-000790,ORD-00018,SKU-009,14,14
OL-000791,ORD-00018,SKU-013,14,14
OL-000792,ORD-00286,SKU-011,44,44
OL-000793,ORD-00286,SKU-014,18,18
OL-000794,ORD-00222,SKU-030,43,43
OL-000795,ORD-00222,SKU-009,21,21
OL-000796,ORD-00222,SKU-006,52,52
OL-000797,ORD-00222,SKU-020,25,25
OL-000798,ORD-00222,SKU-005,54,54
OL-000799,ORD-00071,SKU-023,56,56
OL-000800,ORD-00071,SKU-016,25,25
OL-000801,ORD-00050,SKU-018,59,59
OL-000802,ORD-00050,SKU-019,30,30
OL-000803,ORD-00050,SKU-001,38,38
OL-000804,ORD-00076,SKU-025,24,24
OL-000805,ORD-00076,SKU-028,30,30
OL-000806,ORD-00076,SKU-029,46,46
OL-000807,ORD-00157,SKU-022,5,5
OL-000808,ORD-00300,SKU-015,29,29
OL-000809,ORD-00300,SKU-014,36,36
OL-000810,ORD-00300,SKU-029,46,28
OL-000811,ORD-00283,SKU-030,17,17
OL-000812,ORD-00283,SKU-025,15,15
OL-000813,ORD-00283,SKU-018,48,48
OL-000814,ORD-00287,SKU-026,47,47
OL-000815,ORD-00314,SKU-026,19,19
OL-000816,ORD-00314,SKU-004,50,50
OL-000817,ORD-00314,SKU-005,38,38
OL-000818,ORD-00314,SKU-018,39,39
OL-000819,ORD-00314,SKU-024,56,56
OL-000820,ORD-00289,SKU-017,16,16
OL-000821,ORD-00289,SKU-010,14,6
OL-000822,ORD-00289,SKU-029,17,17
OL-000823,ORD-00020,SKU-023,8,8
OL-000824,ORD-00229,SKU-012,41,41
OL-000825,ORD-00229,SKU-022,15,15
OL-000826,ORD-00229,SKU-026,45,45
OL-000827,ORD-00229,SKU-002,14,14
OL-000828,ORD-00270,SKU-030,55,55
OL-000829,ORD-00270,SKU-024,55,55
OL-000830,ORD-00104,SKU-020,57,57
OL-000831,ORD-00104,SKU-004,20,20
OL-000832,ORD-00104,SKU-009,23,23
OL-000833,ORD-00104,SKU-030,58,58
OL-000834,ORD-00145,SKU-001,43,43
OL-000835,ORD-00145,SKU-008,18,18
OL-000836,ORD-00145,SKU-013,47,47
OL-000837,ORD-00127,SKU-017,16,16
OL-000838,ORD-00127,SKU-022,42,42
OL-000839,ORD-00127,SKU-012,5,5
OL-000840,ORD-00127,SKU-029,36,36
OL-000841,ORD-00249,SKU-029,16,7
OL-000842,ORD-00249,SKU-027,54,54
OL-000843,ORD-00249,SKU-011,33,33
OL-000844,ORD-00078,SKU-022,13,13
OL-000845,ORD-00078,SKU-003,25,10
OL-000846,ORD-00078,SKU-005,18,18
OL-000847,ORD-00078,SKU-028,15,15
OL-000848,ORD-00189,SKU-006,36,36
OL-000849,ORD-00307,SKU-013,40,34
OL-000850,ORD-00307,SKU-014,45,36
OL-000851,ORD-00307,SKU-023,42,42
OL-000852,ORD-00273,SKU-030,14,14
OL-000853,ORD-00244,SKU-012,18,18
OL-000854,ORD-00244,SKU-019,59,59
OL-000855,ORD-00244,SKU-008,45,45
OL-000856,ORD-00211,SKU-023,58,58
OL-000857,ORD-00106,SKU-013,30,30
OL-000858,ORD-00006,SKU-007,14,14
OL-000859,ORD-00308,SKU-013,30,30
OL-000860,ORD-00218,SKU-009,16,16
OL-000861,ORD-00218,SKU-006,54,54
OL-000862,ORD-00265,SKU-008,11,11
OL-000863,ORD-00265,SKU-023,19,19
OL-000864,ORD-00265,SKU-019,20,20
OL-000865,ORD-00120,SKU-001,56,56
OL-000866,ORD-00199,SKU-012,39,39
OL-000867,ORD-00199,SKU-007,26,8
OL-000868,ORD-00199,SKU-027,19,19
OL-000869,ORD-00262,SKU-003,13,13
OL-000870,ORD-00125,SKU-005,38,38
OL-000871,ORD-00125,SKU-023,51,51
OL-000872,ORD-00125,SKU-013,18,18
OL-000873,ORD-00125,SKU-018,51,51
OL-000874,ORD-00133,SKU-007,33,33
OL-000875,ORD-00280,SKU-026,52,52
OL-000876,ORD-00250,SKU-009,38,38
OL-000877,ORD-00250,SKU-019,12,12
OL-000878,ORD-00250,SKU-003,11,11
OL-000879,ORD-00066,SKU-004,53,53
OL-000880,ORD-00066,SKU-005,15,15
OL-000881,ORD-00066,SKU-027,34,34
OL-000882,ORD-00066,SKU-022,59,59
OL-000883,ORD-00281,SKU-023,11,11
OL-000884,ORD-00281,SKU-030,59,59
OL-000885,ORD-00281,SKU-002,18,18
OL-000886,ORD-00281,SKU-005,21,21
OL-000887,ORD-00272,SKU-019,26,26
OL-000888,ORD-00272,SKU-016,50,50
OL-000889,ORD-00272,SKU-015,48,48
OL-000890,ORD-00190,SKU-023,48,48
OL-000891,ORD-00190,SKU-030,15,15
OL-000892,ORD-00190,SKU-024,23,23
OL-000893,ORD-00190,SKU-007,48,48
OL-000894,ORD-00190,SKU-022,29,29
OL-000895,ORD-00070,SKU-023,40,40
OL-000896,ORD-00070,SKU-001,41,41
OL-000897,ORD-00070,SKU-027,31,31
OL-000898,ORD-00070,SKU-020,8,5
OL-000899,ORD-00070,SKU-005,59,59
OL-000900,ORD-00086,SKU-018,38,38
OL-000901,ORD-00086,SKU-003,53,53
