Order_ID,Customer_ID,Order_Date,Promised_Date
ORD-00306,CUST-008,2026-03-01,2026-03-06
ORD-00029,CUST-009,2026-03-02,2026-03-07
ORD-00228,CUST-003,2026-03-02,2026-03-07
ORD-00158,CUST-013,2026-03-04,2026-03-09
ORD-00294,CUST-007,2026-03-04,2026-03-09
ORD-00225,CUST-003,2026-03-04,2026-03-09
ORD-00095,CUST-010,2026-03-05,2026-03-10
ORD-00197,CUST-014,2026-03-05,2026-03-10
ORD-00063,CUST-010,2026-03-06,2026-03-11
ORD-00310,CUST-002,2026-03-06,2026-03-11
ORD-00072,CUST-003,2026-03-07,2026-03-12
ORD-00042,CUST-009,2026-03-07,2026-03-12
ORD-00253,CUST-009,2026-03-07,2026-03-12
ORD-00175,CUST-009,2026-03-08,2026-03-13
ORD-00277,CUST-010,2026-03-09,2026-03-14
ORD-00075,CUST-014,2026-03-11,2026-03-16
ORD-00204,CUST-010,2026-03-12,2026-03-17
ORD-00312,CUST-001,2026-03-13,2026-03-18
ORD-00052,CUST-005,2026-03-15,2026-03-20
ORD-00142,CUST-007,2026-03-15,2026-03-20
ORD-00205,CUST-010,2026-03-15,2026-03-20
ORD-00121,CUST-002,2026-03-16,2026-03-21
ORD-00171,CUST-004,2026-03-16,2026-03-21
ORD-00097,CUST-014,2026-03-17,2026-03-22
ORD-00058,CUST-008,2026-03-17,2026-03-22
ORD-00284,CUST-008,2026-03-17,2026-03-22
ORD-00143,CUST-002,2026-03-18,2026-03-23
ORD-00168,CUST-008,2026-03-18,2026-03-23
ORD-00012,CUST-007,2026-03-18,2026-03-23
ORD-00301,CUST-004,2026-03-18,2026-03-23
ORD-00183,CUST-008,2026-03-19,2026-03-24
ORD-00235,CUST-006,2026-03-20,2026-03-25
ORD-00096,CUST-014,2026-03-20,2026-03-25
ORD-00247,CUST-014,2026-03-20,2026-03-25
ORD-00290,CUST-003,2026-03-21,2026-03-26
ORD-00045,CUST-006,2026-03-21,2026-03-26
ORD-00123,CUST-001,2026-03-22,2026-03-27
ORD-00238,CUST-007,2026-03-22,2026-03-27
ORD-00311,CUST-009,2026-03-23,2026-03-28
ORD-00082,CUST-013,2026-03-23,2026-03-28
ORD-00146,CUST-011,2026-03-23,2026-03-28
ORD-00025,CUST-008,2026-03-26,2026-03-31
ORD-00043,CUST-014,2026-03-26,2026-03-31
ORD-00254,CUST-015,2026-03-26,2026-03-31
ORD-00166,CUST-009,2026-03-26,2026-03-31
ORD-00231,CUST-004,2026-03-26,2026-03-31
ORD-00181,CUST-006,2026-03-27,2026-04-01
ORD-00107,CUST-010,2026-03-28,2026-04-02
ORD-00198,CUST-004,2026-03-28,2026-04-02
ORD-00282,CUST-009,2026-03-28,2026-04-02
ORD-00315,CUST-007,2026-03-28,2026-04-02
ORD-00212,CUST-005,2026-03-29,2026-04-03
ORD-00008,CUST-005,2026-03-29,2026-04-03
ORD-00112,CUST-008,2026-03-30,2026-04-04
ORD-00275,CUST-002,2026-03-30,2026-04-04
ORD-00103,CUST-006,2026-03-30,2026-04-04
ORD-00093,CUST-008,2026-03-31,2026-04-05
ORD-00187,CUST-013,2026-03-31,2026-04-05
ORD-00184,CUST-014,2026-04-01,2026-04-06
ORD-00155,CUST-011,2026-04-01,2026-04-06
ORD-00317,CUST-008,2026-04-02,2026-04-07
ORD-00176,CUST-015,2026-04-02,2026-04-07
ORD-00274,CUST-014,2026-04-02,2026-04-07
ORD-00178,CUST-005,2026-04-03,2026-04-08
ORD-00027,CUST-011,2026-04-05,2026-04-10
ORD-00149,CUST-003,2026-04-06,2026-04-11
ORD-00264,CUST-002,2026-04-06,2026-04-11
ORD-00067,CUST-003,2026-04-08,2026-04-13
ORD-00003,CUST-003,2026-04-10,2026-04-15
ORD-00288,CUST-015,2026-04-10,2026-04-15
ORD-00251,CUST-005,2026-04-11,2026-04-16
ORD-00073,CUST-009,2026-04-12,2026-04-17
ORD-00114,CUST-005,2026-04-12,2026-04-17
ORD-00252,CUST-007,2026-04-12,2026-04-17
ORD-00309,CUST-003,2026-04-13,2026-04-18
ORD-00240,CUST-003,2026-04-13,2026-04-18
ORD-00022,CUST-015,2026-04-13,2026-04-18
ORD-00044,CUST-002,2026-04-14,2026-04-19
ORD-00271,CUST-011,2026-04-16,2026-04-21
ORD-00305,CUST-002,2026-04-17,2026-04-22
ORD-00136,CUST-009,2026-04-17,2026-04-22
ORD-00131,CUST-005,2026-04-17,2026-04-22
ORD-00134,CUST-014,2026-04-17,2026-04-22
ORD-00217,CUST-007,2026-04-18,2026-04-23
ORD-00206,CUST-010,2026-04-19,2026-04-24
ORD-00141,CUST-003,2026-04-19,2026-04-24
ORD-00036,CUST-002,2026-04-19,2026-04-24
ORD-00068,CUST-012,2026-04-19,2026-04-24
ORD-00239,CUST-006,2026-04-20,2026-04-25
ORD-00077,CUST-013,2026-04-20,2026-04-25
ORD-00224,CUST-001,2026-04-21,2026-04-26
ORD-00021,CUST-011,2026-04-21,2026-04-26
ORD-00267,CUST-012,2026-04-22,2026-04-27
ORD-00079,CUST-008,2026-04-22,2026-04-27
ORD-00188,CUST-002,2026-04-23,2026-04-28
ORD-00196,CUST-013,2026-04-23,2026-04-28
ORD-00278,CUST-010,2026-04-23,2026-04-28
ORD-00115,CUST-004,2026-04-24,2026-04-29
ORD-00232,CUST-006,2026-04-24,2026-04-29
ORD-00061,CUST-009,2026-04-24,2026-04-29
ORD-00258,CUST-004,2026-04-25,2026-04-30
ORD-00151,CUST-001,2026-04-25,2026-04-30
ORD-00164,CUST-012,2026-04-25,2026-04-30
ORD-00293,CUST-009,2026-04-26,2026-05-01
ORD-00013,CUST-003,2026-04-26,2026-05-01
ORD-00234,CUST-008,2026-04-26,2026-05-01
ORD-00092,CUST-006,2026-04-27,2026-05-02
ORD-00263,CUST-010,2026-04-27,2026-05-02
ORD-00246,CUST-011,2026-04-27,2026-05-02
ORD-00002,CUST-001,2026-04-29,2026-05-04
ORD-00179,CUST-001,2026-04-29,2026-05-04
ORD-00219,CUST-006,2026-04-29,2026-05-04
ORD-00296,CUST-015,2026-04-30,2026-05-05
ORD-00094,CUST-012,2026-04-30,2026-05-05
ORD-00122,CUST-014,2026-05-01,2026-05-06
ORD-00124,CUST-008,2026-05-01,2026-05-06
ORD-00193,CUST-002,2026-05-02,2026-05-07
ORD-00064,CUST-013,2026-05-02,2026-05-07
ORD-00119,CUST-013,2026-05-05,2026-05-10
ORD-00126,CUST-006,2026-05-05,2026-05-10
ORD-00226,CUST-007,2026-05-05,2026-05-10
ORD-00257,CUST-010,2026-05-06,2026-05-11
ORD-00318,CUST-011,2026-05-06,2026-05-11
ORD-00299,CUST-015,2026-05-07,2026-05-12
ORD-00304,CUST-001,2026-05-08,2026-05-13
ORD-00113,CUST-004,2026-05-08,2026-05-13
ORD-00019,CUST-002,2026-05-09,2026-05-14
ORD-00069,CUST-007,2026-05-13,2026-05-18
ORD-00298,CUST-014,2026-05-13,2026-05-18
ORD-00089,CUST-012,2026-05-13,2026-05-18
ORD-00088,CUST-004,2026-05-13,2026-05-18
ORD-00173,CUST-004,2026-05-14,2026-05-19
ORD-00090,CUST-007,2026-05-15,2026-05-20
ORD-00200,CUST-005,2026-05-15,2026-05-20
ORD-00163,CUST-014,2026-05-17,2026-05-22
ORD-00080,CUST-010,2026-05-18,2026-05-23
ORD-00007,CUST-012,2026-05-18,2026-05-23
ORD-00016,CUST-003,2026-05-18,2026-05-23
ORD-00279,CUST-002,2026-05-18,2026-05-23
ORD-00065,CUST-002,2026-05-18,2026-05-23
ORD-00210,CUST-013,2026-05-19,2026-05-24
ORD-00046,CUST-015,2026-05-19,2026-05-24
ORD-00223,CUST-004,2026-05-19,2026-05-24
ORD-00139,CUST-005,2026-05-20,2026-05-25
ORD-00111,CUST-007,2026-05-20,2026-05-25
ORD-00144,CUST-009,2026-05-20,2026-05-25
ORD-00192,CUST-011,2026-05-20,2026-05-25
ORD-00039,CUST-002,2026-05-22,2026-05-27
ORD-00260,CUST-009,2026-05-22,2026-05-27
ORD-00130,CUST-005,2026-05-22,2026-05-27
ORD-00147,CUST-001,2026-05-22,2026-05-27
ORD-00101,CUST-007,2026-05-23,2026-05-28
ORD-00156,CUST-013,2026-05-23,2026-05-28
ORD-00049,CUST-008,2026-05-24,2026-05-29
ORD-00034,CUST-001,2026-05-24,2026-05-29
ORD-00292,CUST-007,2026-05-24,2026-05-29
ORD-00202,CUST-009,2026-05-24,2026-05-29
ORD-00215,CUST-013,2026-05-25,2026-05-30
ORD-00001,CUST-014,2026-05-25,2026-05-30
ORD-00201,CUST-013,2026-05-26,2026-05-31
ORD-00207,CUST-012,2026-05-27,2026-06-01
ORD-00177,CUST-007,2026-05-28,2026-06-02
ORD-00209,CUST-003,2026-05-28,2026-06-02
ORD-00160,CUST-015,2026-05-28,2026-06-02
ORD-00128,CUST-003,2026-05-29,2026-06-03
ORD-00110,CUST-005,2026-05-29,2026-06-03
ORD-00108,CUST-015,2026-05-29,2026-06-03
ORD-00084,CUST-010,2026-05-30,2026-06-04
ORD-00105,CUST-007,2026-05-30,2026-06-04
ORD-00040,CUST-007,2026-05-31,2026-06-05
ORD-00269,CUST-004,2026-06-01,2026-06-06
ORD-00221,CUST-010,2026-06-02,2026-06-07
ORD-00291,CUST-013,2026-06-02,2026-06-07
ORD-00276,CUST-015,2026-06-04,2026-06-09
ORD-00214,CUST-015,2026-06-06,2026-06-11
ORD-00230,CUST-010,2026-06-06,2026-06-11
ORD-00220,CUST-011,2026-06-07,2026-06-12
ORD-00154,CUST-008,2026-06-07,2026-06-12
ORD-00256,CUST-008,2026-06-07,2026-06-12
ORD-00233,CUST-006,2026-06-08,2026-06-13
ORD-00255,CUST-013,2026-06-08,2026-06-13
ORD-00057,CUST-014,2026-06-08,2026-06-13
ORD-00038,CUST-013,2026-06-09,2026-06-14
ORD-00083,CUST-001,2026-06-09,2026-06-14
ORD-00059,CUST-001,2026-06-09,2026-06-14
ORD-00004,CUST-005,2026-06-10,2026-06-15
ORD-00051,CUST-010,2026-06-10,2026-06-15
ORD-00056,CUST-015,2026-06-10,2026-06-15
ORD-00041,CUST-002,2026-06-11,2026-06-16
ORD-00213,CUST-008,2026-06-11,2026-06-16
ORD-00054,CUST-008,2026-06-12,2026-06-17
ORD-00153,CUST-009,2026-06-13,2026-06-18
ORD-00191,CUST-014,2026-06-13,2026-06-18
ORD-00167,CUST-001,2026-06-14,2026-06-19
ORD-00185,CUST-002,2026-06-14,2026-06-19
ORD-00195,CUST-013,2026-06-15,2026-06-20
ORD-00319,CUST-012,2026-06-16,2026-06-21
ORD-00062,CUST-003,2026-06-17,2026-06-22
ORD-00118,CUST-013,2026-06-18,2026-06-23
ORD-00194,CUST-013,2026-06-19,2026-06-24
ORD-00248,CUST-013,2026-06-19,2026-06-24
ORD-00268,CUST-001,2026-06-20,2026-06-25
ORD-00165,CUST-013,2026-06-21,2026-06-26
ORD-00117,CUST-012,2026-06-22,2026-06-27
ORD-00170,CUST-014,2026-06-22,2026-06-27
ORD-00010,CUST-008,2026-06-22,2026-06-27
ORD-00266,CUST-003,2026-06-23,2026-06-28
ORD-00055,CUST-005,2026-06-23,2026-06-28
ORD-00024,CUST-005,2026-06-23,2026-06-28
ORD-00169,CUST-003,2026-06-25,2026-06-30
ORD-00048,CUST-002,2026-06-26,2026-07-01
ORD-00180,CUST-001,2026-06-27,2026-07-02
ORD-00241,CUST-011,2026-06-27,2026-07-02
ORD-00033,CUST-013,2026-06-28,2026-07-03
ORD-00081,CUST-012,2026-06-28,2026-07-03
ORD-00297,CUST-012,2026-06-28,2026-07-03
ORD-00236,CUST-012,2026-06-28,2026-07-03
ORD-00087,CUST-013,2026-06-28,2026-07-03
ORD-00162,CUST-012,2026-06-28,2026-07-03
ORD-00047,CUST-005,2026-06-29,2026-07-04
ORD-00005,CUST-005,2026-06-29,2026-07-04
ORD-00208,CUST-012,2026-06-29,2026-07-04
ORD-00237,CUST-005,2026-06-30,2026-07-05
ORD-00182,CUST-014,2026-06-30,2026-07-05
ORD-00023,CUST-002,2026-07-01,2026-07-06
ORD-00116,CUST-015,2026-07-02,2026-07-07
ORD-00100,CUST-005,2026-07-04,2026-07-09
ORD-00109,CUST-014,2026-07-04,2026-07-09
ORD-00129,CUST-013,2026-07-04,2026-07-09
ORD-00035,CUST-011,2026-07-05,2026-07-10
ORD-00148,CUST-003,2026-07-05,2026-07-10
ORD-00011,CUST-008,2026-07-05,2026-07-10
ORD-00320,CUST-014,2026-07-08,2026-07-13
ORD-00161,CUST-008,2026-07-08,2026-07-13
ORD-00102,CUST-002,2026-07-08,2026-07-13
ORD-00150,CUST-013,2026-07-08,2026-07-13
ORD-00137,CUST-003,2026-07-08,2026-07-13
ORD-00099,CUST-010,2026-07-09,2026-07-14
ORD-00243,CUST-005,2026-07-09,2026-07-14
ORD-00242,CUST-004,2026-07-10,2026-07-15
ORD-00302,CUST-011,2026-07-11,2026-07-16
ORD-00140,CUST-009,2026-07-11,2026-07-16
ORD-00316,CUST-011,2026-07-13,2026-07-18
ORD-00303,CUST-009,2026-07-13,2026-07-18
ORD-00285,CUST-015,2026-07-13,2026-07-18
ORD-00159,CUST-005,2026-07-15,2026-07-20
ORD-00172,CUST-004,2026-07-15,2026-07-20
ORD-00132,CUST-014,2026-07-16,2026-07-21
ORD-00053,CUST-015,2026-07-16,2026-07-21
ORD-00245,CUST-015,2026-07-17,2026-07-22
ORD-00295,CUST-012,2026-07-17,2026-07-22
ORD-00098,CUST-012,2026-07-17,2026-07-22
ORD-00014,CUST-015,2026-07-17,2026-07-22
ORD-00037,CUST-012,2026-07-19,2026-07-24
ORD-00032,CUST-013,2026-07-19,2026-07-24
ORD-00203,CUST-012,2026-07-19,2026-07-24
ORD-00135,CUST-014,2026-07-19,2026-07-24
ORD-00085,CUST-002,2026-07-20,2026-07-25
ORD-00031,CUST-003,2026-07-20,2026-07-25
ORD-00174,CUST-010,2026-07-20,2026-07-25
ORD-00186,CUST-002,2026-07-21,2026-07-26
ORD-00138,CUST-003,2026-07-21,2026-07-26
ORD-00030,CUST-007,2026-07-22,2026-07-27
ORD-00060,CUST-009,2026-07-22,2026-07-27
ORD-00017,CUST-004,2026-07-23,2026-07-28
ORD-00028,CUST-012,2026-07-23,2026-07-28
ORD-00216,CUST-013,2026-07-24,2026-07-29
ORD-00261,CUST-008,2026-07-24,2026-07-29
ORD-00152,CUST-007,2026-07-24,2026-07-29
ORD-00091,CUST-004,2026-07-25,2026-07-30
ORD-00074,CUST-003,2026-07-26,2026-07-31
ORD-00227,CUST-008,2026-07-27,2026-08-01
ORD-00313,CUST-009,2026-07-28,2026-08-02
ORD-00015,CUST-001,2026-07-28,2026-08-02
ORD-00026,CUST-014,2026-07-28,2026-08-02
ORD-00259,CUST-013,2026-07-28,2026-08-02
ORD-00009,CUST-015,2026-07-28,2026-08-02
ORD-00018,CUST-005,2026-07-30,2026-08-04
ORD-00286,CUST-011,2026-07-31,2026-08-05
ORD-00222,CUST-004,2026-07-31,2026-08-05
ORD-00071,CUST-015,2026-08-01,2026-08-06
ORD-00050,CUST-008,2026-08-01,2026-08-06
ORD-00076,CUST-012,2026-08-02,2026-08-07
ORD-00157,CUST-006,2026-08-02,2026-08-07
ORD-00300,CUST-002,2026-08-07,2026-08-12
ORD-00283,CUST-002,2026-08-08,2026-08-13
ORD-00287,CUST-003,2026-08-08,2026-08-13
ORD-00314,CUST-008,2026-08-08,2026-08-13
ORD-00289,CUST-015,2026-08-08,2026-08-13
ORD-00020,CUST-001,2026-08-09,2026-08-14
ORD-00229,CUST-007,2026-08-09,2026-08-14
ORD-00270,CUST-009,2026-08-10,2026-08-15
ORD-00104,CUST-014,2026-08-10,2026-08-15
ORD-00145,CUST-001,2026-08-10,2026-08-15
ORD-00127,CUST-003,2026-08-11,2026-08-16
ORD-00249,CUST-008,2026-08-12,2026-08-17
ORD-00078,CUST-007,2026-08-13,2026-08-18
ORD-00189,CUST-001,2026-08-14,2026-08-19
ORD-00307,CUST-010,2026-08-16,2026-08-21
ORD-00273,CUST-013,2026-08-16,2026-08-21
ORD-00244,CUST-012,2026-08-16,2026-08-21
ORD-00211,CUST-009,2026-08-16,2026-08-21
ORD-00106,CUST-002,2026-08-16,2026-08-21
ORD-00006,CUST-015,2026-08-17,2026-08-22
ORD-00308,CUST-003,2026-08-18,2026-08-23
ORD-00218,CUST-012,2026-08-19,2026-08-24
ORD-00265,CUST-005,2026-08-19,2026-08-24
ORD-00120,CUST-015,2026-08-20,2026-08-25
ORD-00199,CUST-015,2026-08-20,2026-08-25
ORD-00262,CUST-012,2026-08-21,2026-08-26
ORD-00125,CUST-009,2026-08-21,2026-08-26
ORD-00133,CUST-003,2026-08-22,2026-08-27
ORD-00280,CUST-010,2026-08-22,2026-08-27
ORD-00250,CUST-012,2026-08-23,2026-08-28
ORD-00066,CUST-011,2026-08-24,2026-08-29
ORD-00281,CUST-011,2026-08-26,2026-08-31
ORD-00272,CUST-008,2026-08-26,2026-08-31
ORD-00190,CUST-007,2026-08-26,2026-08-31
ORD-00070,CUST-001,2026-08-26,2026-08-31
ORD-00086,CUST-005,2026-08-27,2026-09-01
